<?xml version="1.0" encoding="UTF-8"?><?xml-stylesheet type='text/xsl' href='_UpgradeReport_Files/UpgradeReport.xslt'?><UpgradeLog>
<Properties><Property Name="Solution" Value="Chapter05">
</Property><Property Name="Solution File" Value="C:\CSharp\Books\WPFGraphics\Examples\Chapter05\Chapter05.sln">
</Property><Property Name="User Options File" Value="C:\CSharp\Books\WPFGraphics\Examples\Chapter05\Chapter05.suo">
</Property><Property Name="Date" Value="Wednesday, October 10, 2007">
</Property><Property Name="Time" Value="12:13 PM">
</Property></Properties><Event ErrorLevel="0" Project="" Source="Chapter05.sln" Description="File successfully backed up as C:\CSharp\Books\WPFGraphics\Examples\Chapter05\Backup\Chapter05.sln">
</Event><Event ErrorLevel="0" Project="" Source="Chapter05.suo" Description="File successfully backed up as C:\CSharp\Books\WPFGraphics\Examples\Chapter05\Backup\Chapter05.suo">
</Event><Event ErrorLevel="0" Project="Chapter05" Source="Chapter05\Chapter05.csproj" Description="Project file successfully backed up as C:\CSharp\Books\WPFGraphics\Examples\Chapter05\Backup\Chapter05\Chapter05.csproj">
</Event><Event ErrorLevel="0" Project="Chapter05" Source="Chapter05\App.xaml.cs" Description="File successfully backed up as C:\CSharp\Books\WPFGraphics\Examples\Chapter05\Backup\Chapter05\App.xaml.cs">
</Event><Event ErrorLevel="0" Project="Chapter05" Source="Chapter05\AnimateBezierCurve.xaml.cs" Description="File successfully backed up as C:\CSharp\Books\WPFGraphics\Examples\Chapter05\Backup\Chapter05\AnimateBezierCurve.xaml.cs">
</Event><Event ErrorLevel="0" Project="Chapter05" Source="Chapter05\BitmapEffectsExample.xaml.cs" Description="File successfully backed up as C:\CSharp\Books\WPFGraphics\Examples\Chapter05\Backup\Chapter05\BitmapEffectsExample.xaml.cs">
</Event><Event ErrorLevel="0" Project="Chapter05" Source="Chapter05\BrushTransformation.xaml.cs" Description="File successfully backed up as C:\CSharp\Books\WPFGraphics\Examples\Chapter05\Backup\Chapter05\BrushTransformation.xaml.cs">
</Event><Event ErrorLevel="0" Project="Chapter05" Source="Chapter05\ColorExample.xaml.cs" Description="File successfully backed up as C:\CSharp\Books\WPFGraphics\Examples\Chapter05\Backup\Chapter05\ColorExample.xaml.cs">
</Event><Event ErrorLevel="0" Project="Chapter05" Source="Chapter05\ColormapBrush.cs" Description="File successfully backed up as C:\CSharp\Books\WPFGraphics\Examples\Chapter05\Backup\Chapter05\ColormapBrush.cs">
</Event><Event ErrorLevel="0" Project="Chapter05" Source="Chapter05\ColormapBrushExample.xaml.cs" Description="File successfully backed up as C:\CSharp\Books\WPFGraphics\Examples\Chapter05\Backup\Chapter05\ColormapBrushExample.xaml.cs">
</Event><Event ErrorLevel="0" Project="Chapter05" Source="Chapter05\ColorPickerExample.xaml.cs" Description="File successfully backed up as C:\CSharp\Books\WPFGraphics\Examples\Chapter05\Backup\Chapter05\ColorPickerExample.xaml.cs">
</Event><Event ErrorLevel="0" Project="Chapter05" Source="Chapter05\DrawingBrushGridline.xaml.cs" Description="File successfully backed up as C:\CSharp\Books\WPFGraphics\Examples\Chapter05\Backup\Chapter05\DrawingBrushGridline.xaml.cs">
</Event><Event ErrorLevel="0" Project="Chapter05" Source="Chapter05\DrawingImageExample.xaml.cs" Description="File successfully backed up as C:\CSharp\Books\WPFGraphics\Examples\Chapter05\Backup\Chapter05\DrawingImageExample.xaml.cs">
</Event><Event ErrorLevel="0" Project="Chapter05" Source="Chapter05\GradientBrushExample.xaml.cs" Description="File successfully backed up as C:\CSharp\Books\WPFGraphics\Examples\Chapter05\Backup\Chapter05\GradientBrushExample.xaml.cs">
</Event><Event ErrorLevel="0" Project="Chapter05" Source="Chapter05\ImageBrushExample.xaml.cs" Description="File successfully backed up as C:\CSharp\Books\WPFGraphics\Examples\Chapter05\Backup\Chapter05\ImageBrushExample.xaml.cs">
</Event><Event ErrorLevel="0" Project="Chapter05" Source="Chapter05\ImageBrushTile.xaml.cs" Description="File successfully backed up as C:\CSharp\Books\WPFGraphics\Examples\Chapter05\Backup\Chapter05\ImageBrushTile.xaml.cs">
</Event><Event ErrorLevel="0" Project="Chapter05" Source="Chapter05\LinearGradientBrushExample.xaml.cs" Description="File successfully backed up as C:\CSharp\Books\WPFGraphics\Examples\Chapter05\Backup\Chapter05\LinearGradientBrushExample.xaml.cs">
</Event><Event ErrorLevel="0" Project="Chapter05" Source="Chapter05\OpacityMaskExample.xaml.cs" Description="File successfully backed up as C:\CSharp\Books\WPFGraphics\Examples\Chapter05\Backup\Chapter05\OpacityMaskExample.xaml.cs">
</Event><Event ErrorLevel="0" Project="Chapter05" Source="Chapter05\Properties\AssemblyInfo.cs" Description="File successfully backed up as C:\CSharp\Books\WPFGraphics\Examples\Chapter05\Backup\Chapter05\Properties\AssemblyInfo.cs">
</Event><Event ErrorLevel="0" Project="Chapter05" Source="Chapter05\Properties\Resources.cs" Description="File successfully backed up as C:\CSharp\Books\WPFGraphics\Examples\Chapter05\Backup\Chapter05\Properties\Resources.cs">
</Event><Event ErrorLevel="0" Project="Chapter05" Source="Chapter05\Properties\Settings.cs" Description="File successfully backed up as C:\CSharp\Books\WPFGraphics\Examples\Chapter05\Backup\Chapter05\Properties\Settings.cs">
</Event><Event ErrorLevel="0" Project="Chapter05" Source="Chapter05\RadialColormapBrush.cs" Description="File successfully backed up as C:\CSharp\Books\WPFGraphics\Examples\Chapter05\Backup\Chapter05\RadialColormapBrush.cs">
</Event><Event ErrorLevel="0" Project="Chapter05" Source="Chapter05\RadialColormapBrushExample.xaml.cs" Description="File successfully backed up as C:\CSharp\Books\WPFGraphics\Examples\Chapter05\Backup\Chapter05\RadialColormapBrushExample.xaml.cs">
</Event><Event ErrorLevel="0" Project="Chapter05" Source="Chapter05\RadialGradientBrushExample.xaml.cs" Description="File successfully backed up as C:\CSharp\Books\WPFGraphics\Examples\Chapter05\Backup\Chapter05\RadialGradientBrushExample.xaml.cs">
</Event><Event ErrorLevel="0" Project="Chapter05" Source="Chapter05\SolidColorBrushExample.xaml.cs" Description="File successfully backed up as C:\CSharp\Books\WPFGraphics\Examples\Chapter05\Backup\Chapter05\SolidColorBrushExample.xaml.cs">
</Event><Event ErrorLevel="0" Project="Chapter05" Source="Chapter05\StartMenu.xaml.cs" Description="File successfully backed up as C:\CSharp\Books\WPFGraphics\Examples\Chapter05\Backup\Chapter05\StartMenu.xaml.cs">
</Event><Event ErrorLevel="0" Project="Chapter05" Source="Chapter05\VisualBrushExample.xaml.cs" Description="File successfully backed up as C:\CSharp\Books\WPFGraphics\Examples\Chapter05\Backup\Chapter05\VisualBrushExample.xaml.cs">
</Event><Event ErrorLevel="0" Project="Chapter05" Source="Chapter05\Properties\Settings.settings" Description="File successfully backed up as C:\CSharp\Books\WPFGraphics\Examples\Chapter05\Backup\Chapter05\Properties\Settings.settings">
</Event><Event ErrorLevel="0" Project="Chapter05" Source="Chapter05\Properties\Resources.resx" Description="File successfully backed up as C:\CSharp\Books\WPFGraphics\Examples\Chapter05\Backup\Chapter05\Properties\Resources.resx">
</Event><Event ErrorLevel="0" Project="Chapter05" Source="Chapter05\App.xaml" Description="File successfully backed up as C:\CSharp\Books\WPFGraphics\Examples\Chapter05\Backup\Chapter05\App.xaml">
</Event><Event ErrorLevel="0" Project="Chapter05" Source="Chapter05\AnimateBezierCurve.xaml" Description="File successfully backed up as C:\CSharp\Books\WPFGraphics\Examples\Chapter05\Backup\Chapter05\AnimateBezierCurve.xaml">
</Event><Event ErrorLevel="0" Project="Chapter05" Source="Chapter05\BitmapEffectsExample.xaml" Description="File successfully backed up as C:\CSharp\Books\WPFGraphics\Examples\Chapter05\Backup\Chapter05\BitmapEffectsExample.xaml">
</Event><Event ErrorLevel="0" Project="Chapter05" Source="Chapter05\BrushTransformation.xaml" Description="File successfully backed up as C:\CSharp\Books\WPFGraphics\Examples\Chapter05\Backup\Chapter05\BrushTransformation.xaml">
</Event><Event ErrorLevel="0" Project="Chapter05" Source="Chapter05\ColorExample.xaml" Description="File successfully backed up as C:\CSharp\Books\WPFGraphics\Examples\Chapter05\Backup\Chapter05\ColorExample.xaml">
</Event><Event ErrorLevel="0" Project="Chapter05" Source="Chapter05\ColormapBrushExample.xaml" Description="File successfully backed up as C:\CSharp\Books\WPFGraphics\Examples\Chapter05\Backup\Chapter05\ColormapBrushExample.xaml">
</Event><Event ErrorLevel="0" Project="Chapter05" Source="Chapter05\ColorPickerExample.xaml" Description="File successfully backed up as C:\CSharp\Books\WPFGraphics\Examples\Chapter05\Backup\Chapter05\ColorPickerExample.xaml">
</Event><Event ErrorLevel="0" Project="Chapter05" Source="Chapter05\DrawingBrushGridline.xaml" Description="File successfully backed up as C:\CSharp\Books\WPFGraphics\Examples\Chapter05\Backup\Chapter05\DrawingBrushGridline.xaml">
</Event><Event ErrorLevel="0" Project="Chapter05" Source="Chapter05\DrawingImageExample.xaml" Description="File successfully backed up as C:\CSharp\Books\WPFGraphics\Examples\Chapter05\Backup\Chapter05\DrawingImageExample.xaml">
</Event><Event ErrorLevel="0" Project="Chapter05" Source="Chapter05\GradientBrushExample.xaml" Description="File successfully backed up as C:\CSharp\Books\WPFGraphics\Examples\Chapter05\Backup\Chapter05\GradientBrushExample.xaml">
</Event><Event ErrorLevel="0" Project="Chapter05" Source="Chapter05\ImageBrushExample.xaml" Description="File successfully backed up as C:\CSharp\Books\WPFGraphics\Examples\Chapter05\Backup\Chapter05\ImageBrushExample.xaml">
</Event><Event ErrorLevel="0" Project="Chapter05" Source="Chapter05\ImageBrushTile.xaml" Description="File successfully backed up as C:\CSharp\Books\WPFGraphics\Examples\Chapter05\Backup\Chapter05\ImageBrushTile.xaml">
</Event><Event ErrorLevel="0" Project="Chapter05" Source="Chapter05\LinearGradientBrushExample.xaml" Description="File successfully backed up as C:\CSharp\Books\WPFGraphics\Examples\Chapter05\Backup\Chapter05\LinearGradientBrushExample.xaml">
</Event><Event ErrorLevel="0" Project="Chapter05" Source="Chapter05\OpacityMaskExample.xaml" Description="File successfully backed up as C:\CSharp\Books\WPFGraphics\Examples\Chapter05\Backup\Chapter05\OpacityMaskExample.xaml">
</Event><Event ErrorLevel="0" Project="Chapter05" Source="Chapter05\RadialColormapBrushExample.xaml" Description="File successfully backed up as C:\CSharp\Books\WPFGraphics\Examples\Chapter05\Backup\Chapter05\RadialColormapBrushExample.xaml">
</Event><Event ErrorLevel="0" Project="Chapter05" Source="Chapter05\RadialGradientBrushExample.xaml" Description="File successfully backed up as C:\CSharp\Books\WPFGraphics\Examples\Chapter05\Backup\Chapter05\RadialGradientBrushExample.xaml">
</Event><Event ErrorLevel="0" Project="Chapter05" Source="Chapter05\SolidColorBrushExample.xaml" Description="File successfully backed up as C:\CSharp\Books\WPFGraphics\Examples\Chapter05\Backup\Chapter05\SolidColorBrushExample.xaml">
</Event><Event ErrorLevel="0" Project="Chapter05" Source="Chapter05\StartMenu.xaml" Description="File successfully backed up as C:\CSharp\Books\WPFGraphics\Examples\Chapter05\Backup\Chapter05\StartMenu.xaml">
</Event><Event ErrorLevel="0" Project="Chapter05" Source="Chapter05\VisualBrushExample.xaml" Description="File successfully backed up as C:\CSharp\Books\WPFGraphics\Examples\Chapter05\Backup\Chapter05\VisualBrushExample.xaml">
</Event><Event ErrorLevel="0" Project="Chapter05" Source="Chapter05\Chapter05.csproj" Description="Project converted successfully">
</Event><Event ErrorLevel="3" Project="Chapter05" Source="Chapter05\Chapter05.csproj" Description="Converted">
</Event><Event ErrorLevel="0" Project="" Source="Chapter05.sln" Description="Solution converted successfully">
</Event><Event ErrorLevel="3" Project="" Source="Chapter05.sln" Description="Converted">
</Event><Event ErrorLevel="0" Project="Chapter05" Source="Chapter05\Chapter05.csproj" Description="Scan complete: Upgrade not required for project files.">
</Event></UpgradeLog>