<?xml version="1.0" encoding="UTF-8"?><?xml-stylesheet type='text/xsl' href='_UpgradeReport_Files/UpgradeReport.xslt'?><UpgradeLog>
<Properties><Property Name="Solution" Value="Chapter09">
</Property><Property Name="Solution File" Value="C:\CSharp\Books\WPFGraphics\Examples\Chapter09\Chapter09.sln">
</Property><Property Name="User Options File" Value="C:\CSharp\Books\WPFGraphics\Examples\Chapter09\Chapter09.suo">
</Property><Property Name="Date" Value="Saturday, October 13, 2007">
</Property><Property Name="Time" Value="7:03 AM">
</Property></Properties><Event ErrorLevel="0" Project="" Source="Chapter09.sln" Description="File successfully backed up as C:\CSharp\Books\WPFGraphics\Examples\Chapter09\Backup\Chapter09.sln">
</Event><Event ErrorLevel="0" Project="" Source="Chapter09.suo" Description="File successfully backed up as C:\CSharp\Books\WPFGraphics\Examples\Chapter09\Backup\Chapter09.suo">
</Event><Event ErrorLevel="0" Project="Chapter09" Source="Chapter09\Chapter09.csproj" Description="Project file successfully backed up as C:\CSharp\Books\WPFGraphics\Examples\Chapter09\Backup\Chapter09\Chapter09.csproj">
</Event><Event ErrorLevel="0" Project="Chapter09" Source="Chapter09\App.xaml.cs" Description="File successfully backed up as C:\CSharp\Books\WPFGraphics\Examples\Chapter09\Backup\Chapter09\App.xaml.cs">
</Event><Event ErrorLevel="0" Project="Chapter09" Source="Chapter09\CombineTransformation.xaml.cs" Description="File successfully backed up as C:\CSharp\Books\WPFGraphics\Examples\Chapter09\Backup\Chapter09\CombineTransformation.xaml.cs">
</Event><Event ErrorLevel="0" Project="Chapter09" Source="Chapter09\Matrix3DOperation.xaml.cs" Description="File successfully backed up as C:\CSharp\Books\WPFGraphics\Examples\Chapter09\Backup\Chapter09\Matrix3DOperation.xaml.cs">
</Event><Event ErrorLevel="0" Project="Chapter09" Source="Chapter09\Matrix3DTransformation.xaml.cs" Description="File successfully backed up as C:\CSharp\Books\WPFGraphics\Examples\Chapter09\Backup\Chapter09\Matrix3DTransformation.xaml.cs">
</Event><Event ErrorLevel="0" Project="Chapter09" Source="Chapter09\MatrixTransformation.xaml.cs" Description="File successfully backed up as C:\CSharp\Books\WPFGraphics\Examples\Chapter09\Backup\Chapter09\MatrixTransformation.xaml.cs">
</Event><Event ErrorLevel="0" Project="Chapter09" Source="Chapter09\OrthographicProjection.xaml.cs" Description="File successfully backed up as C:\CSharp\Books\WPFGraphics\Examples\Chapter09\Backup\Chapter09\OrthographicProjection.xaml.cs">
</Event><Event ErrorLevel="0" Project="Chapter09" Source="Chapter09\PerspectiveProjection.xaml.cs" Description="File successfully backed up as C:\CSharp\Books\WPFGraphics\Examples\Chapter09\Backup\Chapter09\PerspectiveProjection.xaml.cs">
</Event><Event ErrorLevel="0" Project="Chapter09" Source="Chapter09\Properties\AssemblyInfo.cs" Description="File successfully backed up as C:\CSharp\Books\WPFGraphics\Examples\Chapter09\Backup\Chapter09\Properties\AssemblyInfo.cs">
</Event><Event ErrorLevel="0" Project="Chapter09" Source="Chapter09\Properties\Resources.cs" Description="File successfully backed up as C:\CSharp\Books\WPFGraphics\Examples\Chapter09\Backup\Chapter09\Properties\Resources.cs">
</Event><Event ErrorLevel="0" Project="Chapter09" Source="Chapter09\Properties\Settings.cs" Description="File successfully backed up as C:\CSharp\Books\WPFGraphics\Examples\Chapter09\Backup\Chapter09\Properties\Settings.cs">
</Event><Event ErrorLevel="0" Project="Chapter09" Source="Chapter09\RotateTransformation.xaml.cs" Description="File successfully backed up as C:\CSharp\Books\WPFGraphics\Examples\Chapter09\Backup\Chapter09\RotateTransformation.xaml.cs">
</Event><Event ErrorLevel="0" Project="Chapter09" Source="Chapter09\ScaleTransformation.xaml.cs" Description="File successfully backed up as C:\CSharp\Books\WPFGraphics\Examples\Chapter09\Backup\Chapter09\ScaleTransformation.xaml.cs">
</Event><Event ErrorLevel="0" Project="Chapter09" Source="Chapter09\StartMenu.xaml.cs" Description="File successfully backed up as C:\CSharp\Books\WPFGraphics\Examples\Chapter09\Backup\Chapter09\StartMenu.xaml.cs">
</Event><Event ErrorLevel="0" Project="Chapter09" Source="Chapter09\TranslateTransformation.xaml.cs" Description="File successfully backed up as C:\CSharp\Books\WPFGraphics\Examples\Chapter09\Backup\Chapter09\TranslateTransformation.xaml.cs">
</Event><Event ErrorLevel="0" Project="Chapter09" Source="Chapter09\Utility.cs" Description="File successfully backed up as C:\CSharp\Books\WPFGraphics\Examples\Chapter09\Backup\Chapter09\Utility.cs">
</Event><Event ErrorLevel="0" Project="Chapter09" Source="Chapter09\Properties\Settings.settings" Description="File successfully backed up as C:\CSharp\Books\WPFGraphics\Examples\Chapter09\Backup\Chapter09\Properties\Settings.settings">
</Event><Event ErrorLevel="0" Project="Chapter09" Source="Chapter09\Properties\Resources.resx" Description="File successfully backed up as C:\CSharp\Books\WPFGraphics\Examples\Chapter09\Backup\Chapter09\Properties\Resources.resx">
</Event><Event ErrorLevel="0" Project="Chapter09" Source="Chapter09\App.xaml" Description="File successfully backed up as C:\CSharp\Books\WPFGraphics\Examples\Chapter09\Backup\Chapter09\App.xaml">
</Event><Event ErrorLevel="0" Project="Chapter09" Source="Chapter09\CombineTransformation.xaml" Description="File successfully backed up as C:\CSharp\Books\WPFGraphics\Examples\Chapter09\Backup\Chapter09\CombineTransformation.xaml">
</Event><Event ErrorLevel="0" Project="Chapter09" Source="Chapter09\Matrix3DOperation.xaml" Description="File successfully backed up as C:\CSharp\Books\WPFGraphics\Examples\Chapter09\Backup\Chapter09\Matrix3DOperation.xaml">
</Event><Event ErrorLevel="0" Project="Chapter09" Source="Chapter09\Matrix3DTransformation.xaml" Description="File successfully backed up as C:\CSharp\Books\WPFGraphics\Examples\Chapter09\Backup\Chapter09\Matrix3DTransformation.xaml">
</Event><Event ErrorLevel="0" Project="Chapter09" Source="Chapter09\MatrixTransformation.xaml" Description="File successfully backed up as C:\CSharp\Books\WPFGraphics\Examples\Chapter09\Backup\Chapter09\MatrixTransformation.xaml">
</Event><Event ErrorLevel="0" Project="Chapter09" Source="Chapter09\OrthographicProjection.xaml" Description="File successfully backed up as C:\CSharp\Books\WPFGraphics\Examples\Chapter09\Backup\Chapter09\OrthographicProjection.xaml">
</Event><Event ErrorLevel="0" Project="Chapter09" Source="Chapter09\PerspectiveProjection.xaml" Description="File successfully backed up as C:\CSharp\Books\WPFGraphics\Examples\Chapter09\Backup\Chapter09\PerspectiveProjection.xaml">
</Event><Event ErrorLevel="0" Project="Chapter09" Source="Chapter09\RotateTransformation.xaml" Description="File successfully backed up as C:\CSharp\Books\WPFGraphics\Examples\Chapter09\Backup\Chapter09\RotateTransformation.xaml">
</Event><Event ErrorLevel="0" Project="Chapter09" Source="Chapter09\ScaleTransformation.xaml" Description="File successfully backed up as C:\CSharp\Books\WPFGraphics\Examples\Chapter09\Backup\Chapter09\ScaleTransformation.xaml">
</Event><Event ErrorLevel="0" Project="Chapter09" Source="Chapter09\StartMenu.xaml" Description="File successfully backed up as C:\CSharp\Books\WPFGraphics\Examples\Chapter09\Backup\Chapter09\StartMenu.xaml">
</Event><Event ErrorLevel="0" Project="Chapter09" Source="Chapter09\TranslateTransformation.xaml" Description="File successfully backed up as C:\CSharp\Books\WPFGraphics\Examples\Chapter09\Backup\Chapter09\TranslateTransformation.xaml">
</Event><Event ErrorLevel="0" Project="Chapter09" Source="Chapter09\Chapter09.csproj" Description="Project converted successfully">
</Event><Event ErrorLevel="3" Project="Chapter09" Source="Chapter09\Chapter09.csproj" Description="Converted">
</Event><Event ErrorLevel="0" Project="" Source="Chapter09.sln" Description="Solution converted successfully">
</Event><Event ErrorLevel="3" Project="" Source="Chapter09.sln" Description="Converted">
</Event><Event ErrorLevel="0" Project="Chapter09" Source="Chapter09\Chapter09.csproj" Description="Scan complete: Upgrade not required for project files.">
</Event></UpgradeLog>