<?xml version="1.0" encoding="UTF-8"?><?xml-stylesheet type='text/xsl' href='_UpgradeReport_Files/UpgradeReport.xslt'?><UpgradeLog>
<Properties><Property Name="Solution" Value="Chapter08">
</Property><Property Name="Solution File" Value="C:\CSharp\Books\WPFGraphics\Examples\Chapter08\Chapter08.sln">
</Property><Property Name="User Options File" Value="C:\CSharp\Books\WPFGraphics\Examples\Chapter08\Chapter08.suo">
</Property><Property Name="Date" Value="Thursday, August 30, 2007">
</Property><Property Name="Time" Value="16:12 PM">
</Property></Properties><Event ErrorLevel="0" Project="" Source="Chapter08.sln" Description="File successfully backed up as C:\CSharp\Books\WPFGraphics\Examples\Chapter08\Backup\Chapter08.sln">
</Event><Event ErrorLevel="0" Project="" Source="Chapter08.suo" Description="File successfully backed up as C:\CSharp\Books\WPFGraphics\Examples\Chapter08\Backup\Chapter08.suo">
</Event><Event ErrorLevel="0" Project="Chapter08" Source="Chapter08\Chapter08.csproj" Description="Project file successfully backed up as C:\CSharp\Books\WPFGraphics\Examples\Chapter08\Backup\Chapter08\Chapter08.csproj">
</Event><Event ErrorLevel="0" Project="Chapter08" Source="Chapter08\App.xaml.cs" Description="File successfully backed up as C:\CSharp\Books\WPFGraphics\Examples\Chapter08\Backup\Chapter08\App.xaml.cs">
</Event><Event ErrorLevel="0" Project="Chapter08" Source="Chapter08\TestChart.xaml.cs" Description="File successfully backed up as C:\CSharp\Books\WPFGraphics\Examples\Chapter08\Backup\Chapter08\TestChart.xaml.cs">
</Event><Event ErrorLevel="0" Project="Chapter08" Source="Chapter08\ChartStyle.cs" Description="File successfully backed up as C:\CSharp\Books\WPFGraphics\Examples\Chapter08\Backup\Chapter08\ChartStyle.cs">
</Event><Event ErrorLevel="0" Project="Chapter08" Source="Chapter08\LineCellection.cs" Description="File successfully backed up as C:\CSharp\Books\WPFGraphics\Examples\Chapter08\Backup\Chapter08\LineCellection.cs">
</Event><Event ErrorLevel="0" Project="Chapter08" Source="Chapter08\LinechartControl.xaml.cs" Description="File successfully backed up as C:\CSharp\Books\WPFGraphics\Examples\Chapter08\Backup\Chapter08\LinechartControl.xaml.cs">
</Event><Event ErrorLevel="0" Project="Chapter08" Source="Chapter08\Properties\AssemblyInfo.cs" Description="File successfully backed up as C:\CSharp\Books\WPFGraphics\Examples\Chapter08\Backup\Chapter08\Properties\AssemblyInfo.cs">
</Event><Event ErrorLevel="0" Project="Chapter08" Source="Chapter08\Properties\Resources.cs" Description="File successfully backed up as C:\CSharp\Books\WPFGraphics\Examples\Chapter08\Backup\Chapter08\Properties\Resources.cs">
</Event><Event ErrorLevel="0" Project="Chapter08" Source="Chapter08\Properties\Settings.cs" Description="File successfully backed up as C:\CSharp\Books\WPFGraphics\Examples\Chapter08\Backup\Chapter08\Properties\Settings.cs">
</Event><Event ErrorLevel="0" Project="Chapter08" Source="Chapter08\SimpleLineChart.xaml.cs" Description="File successfully backed up as C:\CSharp\Books\WPFGraphics\Examples\Chapter08\Backup\Chapter08\SimpleLineChart.xaml.cs">
</Event><Event ErrorLevel="0" Project="Chapter08" Source="Chapter08\StartMenu.xaml.cs" Description="File successfully backed up as C:\CSharp\Books\WPFGraphics\Examples\Chapter08\Backup\Chapter08\StartMenu.xaml.cs">
</Event><Event ErrorLevel="0" Project="Chapter08" Source="Chapter08\Properties\Settings.settings" Description="File successfully backed up as C:\CSharp\Books\WPFGraphics\Examples\Chapter08\Backup\Chapter08\Properties\Settings.settings">
</Event><Event ErrorLevel="0" Project="Chapter08" Source="Chapter08\Properties\Resources.resx" Description="File successfully backed up as C:\CSharp\Books\WPFGraphics\Examples\Chapter08\Backup\Chapter08\Properties\Resources.resx">
</Event><Event ErrorLevel="0" Project="Chapter08" Source="Chapter08\App.xaml" Description="File successfully backed up as C:\CSharp\Books\WPFGraphics\Examples\Chapter08\Backup\Chapter08\App.xaml">
</Event><Event ErrorLevel="0" Project="Chapter08" Source="Chapter08\LinechartControl.xaml" Description="File successfully backed up as C:\CSharp\Books\WPFGraphics\Examples\Chapter08\Backup\Chapter08\LinechartControl.xaml">
</Event><Event ErrorLevel="0" Project="Chapter08" Source="Chapter08\SimpleLineChart.xaml" Description="File successfully backed up as C:\CSharp\Books\WPFGraphics\Examples\Chapter08\Backup\Chapter08\SimpleLineChart.xaml">
</Event><Event ErrorLevel="0" Project="Chapter08" Source="Chapter08\StartMenu.xaml" Description="File successfully backed up as C:\CSharp\Books\WPFGraphics\Examples\Chapter08\Backup\Chapter08\StartMenu.xaml">
</Event><Event ErrorLevel="0" Project="Chapter08" Source="Chapter08\TestChart.xaml" Description="File successfully backed up as C:\CSharp\Books\WPFGraphics\Examples\Chapter08\Backup\Chapter08\TestChart.xaml">
</Event><Event ErrorLevel="0" Project="Chapter08" Source="Chapter08\Chapter08.csproj" Description="Project converted successfully">
</Event><Event ErrorLevel="3" Project="Chapter08" Source="Chapter08\Chapter08.csproj" Description="Converted">
</Event><Event ErrorLevel="0" Project="" Source="Chapter08.sln" Description="Solution converted successfully">
</Event><Event ErrorLevel="3" Project="" Source="Chapter08.sln" Description="Converted">
</Event><Event ErrorLevel="0" Project="Chapter08" Source="Chapter08\Chapter08.csproj" Description="Scan complete: Upgrade not required for project files.">
</Event></UpgradeLog>