<?xml version="1.0" encoding="UTF-8"?><?xml-stylesheet type='text/xsl' href='_UpgradeReport_Files/UpgradeReport.xslt'?><UpgradeLog>
<Properties><Property Name="Solution" Value="Chapter06">
</Property><Property Name="Solution File" Value="C:\CSharp\Books\WPFGraphics\Examples\Chapter06\Chapter06.sln">
</Property><Property Name="User Options File" Value="C:\CSharp\Books\WPFGraphics\Examples\Chapter06\Chapter06.suo">
</Property><Property Name="Date" Value="Thursday, October 11, 2007">
</Property><Property Name="Time" Value="9:21 AM">
</Property></Properties><Event ErrorLevel="0" Project="" Source="Chapter06.sln" Description="File successfully backed up as C:\CSharp\Books\WPFGraphics\Examples\Chapter06\Backup\Chapter06.sln">
</Event><Event ErrorLevel="0" Project="" Source="Chapter06.suo" Description="File successfully backed up as C:\CSharp\Books\WPFGraphics\Examples\Chapter06\Backup\Chapter06.suo">
</Event><Event ErrorLevel="0" Project="Chapter06" Source="Chapter06\Chapter06.csproj" Description="Project file successfully backed up as C:\CSharp\Books\WPFGraphics\Examples\Chapter06\Backup\Chapter06\Chapter06.csproj">
</Event><Event ErrorLevel="0" Project="Chapter06" Source="Chapter06\App.xaml.cs" Description="File successfully backed up as C:\CSharp\Books\WPFGraphics\Examples\Chapter06\Backup\Chapter06\App.xaml.cs">
</Event><Event ErrorLevel="0" Project="Chapter06" Source="Chapter06\AnimationSpeed.xaml.cs" Description="File successfully backed up as C:\CSharp\Books\WPFGraphics\Examples\Chapter06\Backup\Chapter06\AnimationSpeed.xaml.cs">
</Event><Event ErrorLevel="0" Project="Chapter06" Source="Chapter06\AnimationTransformation.xaml.cs" Description="File successfully backed up as C:\CSharp\Books\WPFGraphics\Examples\Chapter06\Backup\Chapter06\AnimationTransformation.xaml.cs">
</Event><Event ErrorLevel="0" Project="Chapter06" Source="Chapter06\CombineTransformAnimation.xaml.cs" Description="File successfully backed up as C:\CSharp\Books\WPFGraphics\Examples\Chapter06\Backup\Chapter06\CombineTransformAnimation.xaml.cs">
</Event><Event ErrorLevel="0" Project="Chapter06" Source="Chapter06\PerFrameAnimation.xaml.cs" Description="File successfully backed up as C:\CSharp\Books\WPFGraphics\Examples\Chapter06\Backup\Chapter06\PerFrameAnimation.xaml.cs">
</Event><Event ErrorLevel="0" Project="Chapter06" Source="Chapter06\CustomAnimation.xaml.cs" Description="File successfully backed up as C:\CSharp\Books\WPFGraphics\Examples\Chapter06\Backup\Chapter06\CustomAnimation.xaml.cs">
</Event><Event ErrorLevel="0" Project="Chapter06" Source="Chapter06\InteractiveStoryboard.xaml.cs" Description="File successfully backed up as C:\CSharp\Books\WPFGraphics\Examples\Chapter06\Backup\Chapter06\InteractiveStoryboard.xaml.cs">
</Event><Event ErrorLevel="0" Project="Chapter06" Source="Chapter06\KeyFrameAnimation.xaml.cs" Description="File successfully backed up as C:\CSharp\Books\WPFGraphics\Examples\Chapter06\Backup\Chapter06\KeyFrameAnimation.xaml.cs">
</Event><Event ErrorLevel="0" Project="Chapter06" Source="Chapter06\PathAnimationExample.xaml.cs" Description="File successfully backed up as C:\CSharp\Books\WPFGraphics\Examples\Chapter06\Backup\Chapter06\PathAnimationExample.xaml.cs">
</Event><Event ErrorLevel="0" Project="Chapter06" Source="Chapter06\TimerAnimation.xaml.cs" Description="File successfully backed up as C:\CSharp\Books\WPFGraphics\Examples\Chapter06\Backup\Chapter06\TimerAnimation.xaml.cs">
</Event><Event ErrorLevel="0" Project="Chapter06" Source="Chapter06\Properties\AssemblyInfo.cs" Description="File successfully backed up as C:\CSharp\Books\WPFGraphics\Examples\Chapter06\Backup\Chapter06\Properties\AssemblyInfo.cs">
</Event><Event ErrorLevel="0" Project="Chapter06" Source="Chapter06\Properties\Resources.cs" Description="File successfully backed up as C:\CSharp\Books\WPFGraphics\Examples\Chapter06\Backup\Chapter06\Properties\Resources.cs">
</Event><Event ErrorLevel="0" Project="Chapter06" Source="Chapter06\Properties\Settings.cs" Description="File successfully backed up as C:\CSharp\Books\WPFGraphics\Examples\Chapter06\Backup\Chapter06\Properties\Settings.cs">
</Event><Event ErrorLevel="0" Project="Chapter06" Source="Chapter06\RollingBall.xaml.cs" Description="File successfully backed up as C:\CSharp\Books\WPFGraphics\Examples\Chapter06\Backup\Chapter06\RollingBall.xaml.cs">
</Event><Event ErrorLevel="0" Project="Chapter06" Source="Chapter06\SimpleAnimation.xaml.cs" Description="File successfully backed up as C:\CSharp\Books\WPFGraphics\Examples\Chapter06\Backup\Chapter06\SimpleAnimation.xaml.cs">
</Event><Event ErrorLevel="0" Project="Chapter06" Source="Chapter06\SplineKeyFrameAnimation.xaml.cs" Description="File successfully backed up as C:\CSharp\Books\WPFGraphics\Examples\Chapter06\Backup\Chapter06\SplineKeyFrameAnimation.xaml.cs">
</Event><Event ErrorLevel="0" Project="Chapter06" Source="Chapter06\StartMenu.xaml.cs" Description="File successfully backed up as C:\CSharp\Books\WPFGraphics\Examples\Chapter06\Backup\Chapter06\StartMenu.xaml.cs">
</Event><Event ErrorLevel="0" Project="Chapter06" Source="Chapter06\StoryboardAnimation.xaml.cs" Description="File successfully backed up as C:\CSharp\Books\WPFGraphics\Examples\Chapter06\Backup\Chapter06\StoryboardAnimation.xaml.cs">
</Event><Event ErrorLevel="0" Project="Chapter06" Source="Chapter06\StoryboardInCode.xaml.cs" Description="File successfully backed up as C:\CSharp\Books\WPFGraphics\Examples\Chapter06\Backup\Chapter06\StoryboardInCode.xaml.cs">
</Event><Event ErrorLevel="0" Project="Chapter06" Source="Chapter06\Properties\Settings.settings" Description="File successfully backed up as C:\CSharp\Books\WPFGraphics\Examples\Chapter06\Backup\Chapter06\Properties\Settings.settings">
</Event><Event ErrorLevel="0" Project="Chapter06" Source="Chapter06\Properties\Resources.resx" Description="File successfully backed up as C:\CSharp\Books\WPFGraphics\Examples\Chapter06\Backup\Chapter06\Properties\Resources.resx">
</Event><Event ErrorLevel="0" Project="Chapter06" Source="Chapter06\App.xaml" Description="File successfully backed up as C:\CSharp\Books\WPFGraphics\Examples\Chapter06\Backup\Chapter06\App.xaml">
</Event><Event ErrorLevel="0" Project="Chapter06" Source="Chapter06\AnimationSpeed.xaml" Description="File successfully backed up as C:\CSharp\Books\WPFGraphics\Examples\Chapter06\Backup\Chapter06\AnimationSpeed.xaml">
</Event><Event ErrorLevel="0" Project="Chapter06" Source="Chapter06\AnimationTransformation.xaml" Description="File successfully backed up as C:\CSharp\Books\WPFGraphics\Examples\Chapter06\Backup\Chapter06\AnimationTransformation.xaml">
</Event><Event ErrorLevel="0" Project="Chapter06" Source="Chapter06\CombineTransformAnimation.xaml" Description="File successfully backed up as C:\CSharp\Books\WPFGraphics\Examples\Chapter06\Backup\Chapter06\CombineTransformAnimation.xaml">
</Event><Event ErrorLevel="0" Project="Chapter06" Source="Chapter06\PerFrameAnimation.xaml" Description="File successfully backed up as C:\CSharp\Books\WPFGraphics\Examples\Chapter06\Backup\Chapter06\PerFrameAnimation.xaml">
</Event><Event ErrorLevel="0" Project="Chapter06" Source="Chapter06\CustomAnimation.xaml" Description="File successfully backed up as C:\CSharp\Books\WPFGraphics\Examples\Chapter06\Backup\Chapter06\CustomAnimation.xaml">
</Event><Event ErrorLevel="0" Project="Chapter06" Source="Chapter06\InteractiveStoryboard.xaml" Description="File successfully backed up as C:\CSharp\Books\WPFGraphics\Examples\Chapter06\Backup\Chapter06\InteractiveStoryboard.xaml">
</Event><Event ErrorLevel="0" Project="Chapter06" Source="Chapter06\KeyFrameAnimation.xaml" Description="File successfully backed up as C:\CSharp\Books\WPFGraphics\Examples\Chapter06\Backup\Chapter06\KeyFrameAnimation.xaml">
</Event><Event ErrorLevel="0" Project="Chapter06" Source="Chapter06\PathAnimationExample.xaml" Description="File successfully backed up as C:\CSharp\Books\WPFGraphics\Examples\Chapter06\Backup\Chapter06\PathAnimationExample.xaml">
</Event><Event ErrorLevel="0" Project="Chapter06" Source="Chapter06\TimerAnimation.xaml" Description="File successfully backed up as C:\CSharp\Books\WPFGraphics\Examples\Chapter06\Backup\Chapter06\TimerAnimation.xaml">
</Event><Event ErrorLevel="0" Project="Chapter06" Source="Chapter06\RollingBall.xaml" Description="File successfully backed up as C:\CSharp\Books\WPFGraphics\Examples\Chapter06\Backup\Chapter06\RollingBall.xaml">
</Event><Event ErrorLevel="0" Project="Chapter06" Source="Chapter06\SimpleAnimation.xaml" Description="File successfully backed up as C:\CSharp\Books\WPFGraphics\Examples\Chapter06\Backup\Chapter06\SimpleAnimation.xaml">
</Event><Event ErrorLevel="0" Project="Chapter06" Source="Chapter06\SplineKeyFrameAnimation.xaml" Description="File successfully backed up as C:\CSharp\Books\WPFGraphics\Examples\Chapter06\Backup\Chapter06\SplineKeyFrameAnimation.xaml">
</Event><Event ErrorLevel="0" Project="Chapter06" Source="Chapter06\StartMenu.xaml" Description="File successfully backed up as C:\CSharp\Books\WPFGraphics\Examples\Chapter06\Backup\Chapter06\StartMenu.xaml">
</Event><Event ErrorLevel="0" Project="Chapter06" Source="Chapter06\StoryboardAnimation.xaml" Description="File successfully backed up as C:\CSharp\Books\WPFGraphics\Examples\Chapter06\Backup\Chapter06\StoryboardAnimation.xaml">
</Event><Event ErrorLevel="0" Project="Chapter06" Source="Chapter06\StoryboardInCode.xaml" Description="File successfully backed up as C:\CSharp\Books\WPFGraphics\Examples\Chapter06\Backup\Chapter06\StoryboardInCode.xaml">
</Event><Event ErrorLevel="0" Project="Chapter06" Source="Chapter06\Chapter06.csproj" Description="Project converted successfully">
</Event><Event ErrorLevel="3" Project="Chapter06" Source="Chapter06\Chapter06.csproj" Description="Converted">
</Event><Event ErrorLevel="0" Project="" Source="Chapter06.sln" Description="Solution converted successfully">
</Event><Event ErrorLevel="3" Project="" Source="Chapter06.sln" Description="Converted">
</Event><Event ErrorLevel="0" Project="Chapter06" Source="Chapter06\Chapter06.csproj" Description="Scan complete: Upgrade not required for project files.">
</Event></UpgradeLog>