<?xml version="1.0" encoding="UTF-8"?><?xml-stylesheet type='text/xsl' href='_UpgradeReport_Files/UpgradeReport.xslt'?><UpgradeLog>
<Properties><Property Name="Solution" Value="Chapter07">
</Property><Property Name="Solution File" Value="C:\CSharp\Books\WPFGraphics\Examples\Chapter07\Chapter07.sln">
</Property><Property Name="User Options File" Value="C:\CSharp\Books\WPFGraphics\Examples\Chapter07\Chapter07.suo">
</Property><Property Name="Date" Value="Thursday, October 11, 2007">
</Property><Property Name="Time" Value="19:08 PM">
</Property></Properties><Event ErrorLevel="0" Project="" Source="Chapter07.sln" Description="File successfully backed up as C:\CSharp\Books\WPFGraphics\Examples\Chapter07\Backup\Chapter07.sln">
</Event><Event ErrorLevel="0" Project="" Source="Chapter07.suo" Description="File successfully backed up as C:\CSharp\Books\WPFGraphics\Examples\Chapter07\Backup\Chapter07.suo">
</Event><Event ErrorLevel="0" Project="Chapter07" Source="Chapter07\Chapter07.csproj" Description="Project file successfully backed up as C:\CSharp\Books\WPFGraphics\Examples\Chapter07\Backup\Chapter07\Chapter07.csproj">
</Event><Event ErrorLevel="0" Project="Chapter07" Source="Chapter07\App.xaml.cs" Description="File successfully backed up as C:\CSharp\Books\WPFGraphics\Examples\Chapter07\Backup\Chapter07\App.xaml.cs">
</Event><Event ErrorLevel="0" Project="Chapter07" Source="Chapter07\GolfGame.xaml.cs" Description="File successfully backed up as C:\CSharp\Books\WPFGraphics\Examples\Chapter07\Backup\Chapter07\GolfGame.xaml.cs">
</Event><Event ErrorLevel="0" Project="Chapter07" Source="Chapter07\BinaryTree.xaml.cs" Description="File successfully backed up as C:\CSharp\Books\WPFGraphics\Examples\Chapter07\Backup\Chapter07\BinaryTree.xaml.cs">
</Event><Event ErrorLevel="0" Project="Chapter07" Source="Chapter07\BounceBall.xaml.cs" Description="File successfully backed up as C:\CSharp\Books\WPFGraphics\Examples\Chapter07\Backup\Chapter07\BounceBall.xaml.cs">
</Event><Event ErrorLevel="0" Project="Chapter07" Source="Chapter07\ColorMap.cs" Description="File successfully backed up as C:\CSharp\Books\WPFGraphics\Examples\Chapter07\Backup\Chapter07\ColorMap.cs">
</Event><Event ErrorLevel="0" Project="Chapter07" Source="Chapter07\CoupledSprings.xaml.cs" Description="File successfully backed up as C:\CSharp\Books\WPFGraphics\Examples\Chapter07\Backup\Chapter07\CoupledSprings.xaml.cs">
</Event><Event ErrorLevel="0" Project="Chapter07" Source="Chapter07\JuliaSet.xaml.cs" Description="File successfully backed up as C:\CSharp\Books\WPFGraphics\Examples\Chapter07\Backup\Chapter07\JuliaSet.xaml.cs">
</Event><Event ErrorLevel="0" Project="Chapter07" Source="Chapter07\MandelbrotSet.xaml.cs" Description="File successfully backed up as C:\CSharp\Books\WPFGraphics\Examples\Chapter07\Backup\Chapter07\MandelbrotSet.xaml.cs">
</Event><Event ErrorLevel="0" Project="Chapter07" Source="Chapter07\ODESolver.cs" Description="File successfully backed up as C:\CSharp\Books\WPFGraphics\Examples\Chapter07\Backup\Chapter07\ODESolver.cs">
</Event><Event ErrorLevel="0" Project="Chapter07" Source="Chapter07\Pendulum.xaml.cs" Description="File successfully backed up as C:\CSharp\Books\WPFGraphics\Examples\Chapter07\Backup\Chapter07\Pendulum.xaml.cs">
</Event><Event ErrorLevel="0" Project="Chapter07" Source="Chapter07\Properties\AssemblyInfo.cs" Description="File successfully backed up as C:\CSharp\Books\WPFGraphics\Examples\Chapter07\Backup\Chapter07\Properties\AssemblyInfo.cs">
</Event><Event ErrorLevel="0" Project="Chapter07" Source="Chapter07\Properties\Resources.cs" Description="File successfully backed up as C:\CSharp\Books\WPFGraphics\Examples\Chapter07\Backup\Chapter07\Properties\Resources.cs">
</Event><Event ErrorLevel="0" Project="Chapter07" Source="Chapter07\Properties\Settings.cs" Description="File successfully backed up as C:\CSharp\Books\WPFGraphics\Examples\Chapter07\Backup\Chapter07\Properties\Settings.cs">
</Event><Event ErrorLevel="0" Project="Chapter07" Source="Chapter07\SnowFlake.xaml.cs" Description="File successfully backed up as C:\CSharp\Books\WPFGraphics\Examples\Chapter07\Backup\Chapter07\SnowFlake.xaml.cs">
</Event><Event ErrorLevel="0" Project="Chapter07" Source="Chapter07\StartMenu.xaml.cs" Description="File successfully backed up as C:\CSharp\Books\WPFGraphics\Examples\Chapter07\Backup\Chapter07\StartMenu.xaml.cs">
</Event><Event ErrorLevel="0" Project="Chapter07" Source="Chapter07\Utility.cs" Description="File successfully backed up as C:\CSharp\Books\WPFGraphics\Examples\Chapter07\Backup\Chapter07\Utility.cs">
</Event><Event ErrorLevel="0" Project="Chapter07" Source="Chapter07\Properties\Settings.settings" Description="File successfully backed up as C:\CSharp\Books\WPFGraphics\Examples\Chapter07\Backup\Chapter07\Properties\Settings.settings">
</Event><Event ErrorLevel="0" Project="Chapter07" Source="Chapter07\Properties\Resources.resx" Description="File successfully backed up as C:\CSharp\Books\WPFGraphics\Examples\Chapter07\Backup\Chapter07\Properties\Resources.resx">
</Event><Event ErrorLevel="0" Project="Chapter07" Source="Chapter07\App.xaml" Description="File successfully backed up as C:\CSharp\Books\WPFGraphics\Examples\Chapter07\Backup\Chapter07\App.xaml">
</Event><Event ErrorLevel="0" Project="Chapter07" Source="Chapter07\BinaryTree.xaml" Description="File successfully backed up as C:\CSharp\Books\WPFGraphics\Examples\Chapter07\Backup\Chapter07\BinaryTree.xaml">
</Event><Event ErrorLevel="0" Project="Chapter07" Source="Chapter07\BounceBall.xaml" Description="File successfully backed up as C:\CSharp\Books\WPFGraphics\Examples\Chapter07\Backup\Chapter07\BounceBall.xaml">
</Event><Event ErrorLevel="0" Project="Chapter07" Source="Chapter07\CoupledSprings.xaml" Description="File successfully backed up as C:\CSharp\Books\WPFGraphics\Examples\Chapter07\Backup\Chapter07\CoupledSprings.xaml">
</Event><Event ErrorLevel="0" Project="Chapter07" Source="Chapter07\JuliaSet.xaml" Description="File successfully backed up as C:\CSharp\Books\WPFGraphics\Examples\Chapter07\Backup\Chapter07\JuliaSet.xaml">
</Event><Event ErrorLevel="0" Project="Chapter07" Source="Chapter07\MandelbrotSet.xaml" Description="File successfully backed up as C:\CSharp\Books\WPFGraphics\Examples\Chapter07\Backup\Chapter07\MandelbrotSet.xaml">
</Event><Event ErrorLevel="0" Project="Chapter07" Source="Chapter07\Pendulum.xaml" Description="File successfully backed up as C:\CSharp\Books\WPFGraphics\Examples\Chapter07\Backup\Chapter07\Pendulum.xaml">
</Event><Event ErrorLevel="0" Project="Chapter07" Source="Chapter07\SnowFlake.xaml" Description="File successfully backed up as C:\CSharp\Books\WPFGraphics\Examples\Chapter07\Backup\Chapter07\SnowFlake.xaml">
</Event><Event ErrorLevel="0" Project="Chapter07" Source="Chapter07\StartMenu.xaml" Description="File successfully backed up as C:\CSharp\Books\WPFGraphics\Examples\Chapter07\Backup\Chapter07\StartMenu.xaml">
</Event><Event ErrorLevel="0" Project="Chapter07" Source="Chapter07\GolfGame.xaml" Description="File successfully backed up as C:\CSharp\Books\WPFGraphics\Examples\Chapter07\Backup\Chapter07\GolfGame.xaml">
</Event><Event ErrorLevel="0" Project="Chapter07" Source="Chapter07\Chapter07.csproj" Description="Project converted successfully">
</Event><Event ErrorLevel="3" Project="Chapter07" Source="Chapter07\Chapter07.csproj" Description="Converted">
</Event><Event ErrorLevel="0" Project="" Source="Chapter07.sln" Description="Solution converted successfully">
</Event><Event ErrorLevel="3" Project="" Source="Chapter07.sln" Description="Converted">
</Event><Event ErrorLevel="0" Project="Chapter07" Source="Chapter07\Chapter07.csproj" Description="Scan complete: Upgrade not required for project files.">
</Event></UpgradeLog>